{
    "web":{
        "client_id":"588836148063-kik4ik4fg5b60915cpp0fh7i312hgo77.apps.googleusercontent.com",
        "project_id":"package-preview-441603",
        "auth_uri":"https://accounts.google.com/o/oauth2/auth",
        "token_uri":"https://oauth2.googleapis.com/token",
        "auth_provider_x509_cert_url":"https://www.googleapis.com/oauth2/v1/certs",
        "client_secret":"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",
        "redirect_uris":[
            "http://127.0.0.1:8000/",
            "http://127.0.0.1:8000/accounts/google/login/callback/"
        ]
    }
}